"UN_Code","Identifier","UNDP_Code","12_Char_Identifier","ISO2_Code","ISO3_Code","Start_Year ","End_Year ","Sort_Pos","Corresp_Language","Name_En","Name_Fr","Name_Es","Name_Ar","Name_Cn","Name_Ru","Official_Name_En","Official_Name_Fr","Official_Name_Es","Official_Name_Ar","Official_Name_Cn","Official_Name_Ru"
"051","1","ARM","Armenia","AM","ARM","1992","9999","83","E","Armenia","Arménie","Armenia","أرمينيا","亚美尼亚","Республика Армения","the Republic of Armenia","la République d'Arménie","la República de Armenia","أرمينيا","亚美尼亚","Республика Армения"
"004","2","AFG","Afghanistan","AF","AFG","1900","9999","10","E","Afghanistan","Afghanistan","Afganistán","أفغانستان","阿富汗伊斯兰共和国","Афганистан","The Islamic Republic of Afghanistan","la République islamique d'Afghanistan","la República Islámica del Afganistán","أفغانستان","阿富汗伊斯兰共和国","Афганистан"
"008","3","ALB","Albania","AL","ALB","1900","9999","20","E","Albania","Albanie","Albania","ألبانيا","阿尔巴尼亚共和国","Албания","the Republic of Albania","la République d'Albanie","la República de Albania","ألبانيا","阿尔巴尼亚共和国","Албания"
"012","4","ALG","Algeria","DZ","DZA","1900","9999","30","F","Algeria","Algérie","Argelia","الجزائر","阿尔及利亚民主人民共和国","Алжир","the People's Democratic Republic of Algeria","la République algérienne démocratique et populaire","la República Argelina Democrática y Popular","الجزائر","阿尔及利亚民主人民共和国","Алжир"
"016","5","AMS","Amer Samoa","AS","ASM","1900","9999","40","E","American Samoa","Samoa américaines","Samoa Americana","الأمريكية ساموا","美属萨摩亚","Американское Самоа","American Samoa","Samoa américaines","Samoa Americana","الأمريكية ساموا","美属萨摩亚","Американское Самоа"
"020","6","AND","Andorra","AD","AND","1900","9999","50","F","Andorra","Andorre","Andorra","أندورا","安道尔","Андорра","the Principality of Andorra","la Principauté d'Andorre","el Principado de Andorra","أندورا","安道尔","Андорра"
"024","7","ANG","Angola","AO","AGO","1900","9999","60","F","Angola","Angola","Angola","جمهورية أنغولا","安哥拉","Республика Ангола","the Republic of Angola","la République d'Angola","la República de Angola","جمهورية أنغولا","安哥拉","Республика Ангола"
"028","8","ANT","Antigua Barb","AG","ATG","1900","9999","70","E","Antigua and Barbuda","Antigua-et-Barbuda","Antigua y Barbuda","أنتيغوا وباربودا","安提瓜和巴布达","Антигуа и Барбуда","Antigua and Barbuda","Antigua-et-Barbuda","Antigua y Barbuda","أنتيغوا وباربودا","安提瓜和巴布达","Антигуа и Барбуда"
"032","9","ARG","Argentina","AR","ARG","1900","9999","80","S","Argentina","Argentine","Argentina","الأرجنتين","阿根廷","Аргентинская Республика","the Argentine Republic","la République argentine","la República Argentina","الأرجنتين","阿根廷","Аргентинская Республика"
"036","10","AUL","Australia","AU","AUS","1900","9999","90","E","Australia","Australie","Australia","أستراليا","澳大利亚","Австралия","Australia","l'Australie","Australia","أستراليا","澳大利亚","Австралия"
"040","11","AUS","Austria","AT","AUT","1900","9999","100","E","Austria","Autriche","Austria","النمسا","奥地利","Австрия","the Republic of Austria","la République d'Autriche","la República de Austria","النمسا","奥地利","Австрия"
"044","12","BHA","Bahamas","BS","BHS","1900","9999","110","E","Bahamas","Bahamas","Bahamas","جزر البهاما","巴哈马","Багамские Острова","the Commonwealth of the Bahamas","le Commonwealth des Bahamas","el Commonwealth de las Bahamas","جزر البهاما","巴哈马","Багамские Острова"
"048","13","BAH","Bahrain","BH","BHR","1900","9999","120","E","Bahrain","Bahreïn","Bahrein","البحرين","巴林王国","Бахрейн","the Kingdom of Bahrain","le Royaume de Bahreïn","el Reino de Bahrein","البحرين","巴林王国","Бахрейн"
"052","14","BAR","Barbados","BB","BRB","1900","9999","140","E","Barbados","Barbade","Barbados","بربادوس","巴巴多斯","Барбадос","Barbados","la Barbade","Barbados","بربادوس","巴巴多斯","Барбадос"
"058","15","","Bel-Lux","","","1900","9999","155","E","Belgium-Luxembourg","Belgique-Luxembourg","Belgica-Luxemburgo","","","","","","","","",""
"050","16","BGD","Bangladesh","BD","BGD","1900","9999","130","E","Bangladesh","Bangladesh","Bangladesh","بنغلاديش","孟加拉国","Бангладеш","the People's Republic of Bangladesh","la République populaire du Bangladesh","la República Popular de Bangladesh","بنغلاديش","孟加拉国","Бангладеш"
"060","17","BER","Bermuda","BM","BMU","1900","9999","180","E","Bermuda","Bermudes","Bermudas","برمودا","百慕大","Бермудские острова","Bermuda","les Bermudes","Bermudas","برمودا","百慕大","Бермудские острова"
"064","18","BHU","Bhutan","BT","BTN","1900","9999","190","E","Bhutan","Bhoutan","Bhután","بوتان","不丹王国","Бутан","the Kingdom of Bhutan","le Royaume du Bhoutan","el Reino de Bhután","بوتان","不丹王国","Бутан"
"068","19","BOL","Bolivia","BO","BOL","1900","9999","200","S","Bolivia (Plurinat.State)","Bolivie (État plurinat.)","Bolivia (Estado Plurin.)","بوليفيا (دولة - المتعددة القوميات)","玻利维亚多民族国","Боливия (Многонациональное Государство)","the Plurinational State of Bolivia","l'État plurinational de Bolivie","el Estado Plurinacional de Bolivia","بوليفيا (دولة - المتعددة القوميات)","玻利维亚多民族国","Боливия (Многонациональное Государство)"
"072","20","BOT","Botswana","BW","BWA","1900","9999","210","E","Botswana","Botswana","Botswana","بوتسوانا","博茨瓦纳","Ботсвана","the Republic of Botswana","la République du Botswana","la República de Botswana","بوتسوانا","博茨瓦纳","Ботсвана"
"076","21","BRA","Brazil","BR","BRA","1900","9999","230","E","Brazil","Brésil","Brasil","الجمهورية الاتحادية البرازيلية","巴 西","Бразилия","the Federative Republic of Brazil","la République fédérative du Brésil","la República Federativa del Brasil","الجمهورية الاتحادية البرازيلية","巴 西","Бразилия"
"533","22","ARU","Aruba","AW","ABW","1900","9999","85","E","Aruba","Aruba","Aruba","أروبا","阿鲁巴岛","Аруба","Aruba","Aruba","Aruba","أروبا","阿鲁巴岛","Аруба"
"084","23","BZE","Belize","BZ","BLZ","1900","9999","160","E","Belize","Belize","Belice","بليز","伯利兹","Белиз","Belize","le Belize","Belice","بليز","伯利兹","Белиз"
"086","24","","Br Ind Oc Tr","IO","IOT","1900","9999","250","E","British Indian Ocean Ter","Terr. brit. Océan Indien","Ter. Brit. Océano Índico","الهندي المحيط في البريطانية المناطق","英辖印度洋海域","Британская территория в Индийском океане","British Indian Ocean Territory","Territoire britanique de l'Océan Indien","Territorio Británico del Océano Indico","الهندي المحيط في البريطانية المناطق","英辖印度洋海域","Британская территория в Индийском океане"
"090","25","SOI","Solomon Is","SB","SLB","1900","9999","1850","E","Solomon Islands","Îles Salomon","Islas Salomón","جزر سليمان","所罗门群岛","Соломоновы Острова","Solomon Islands","les Îles Salomon","las Islas Salomón","جزر سليمان","所罗门群岛","Соломоновы Острова"
"096","26","BRU","Brunei Darsm","BN","BRN","1900","9999","270","E","Brunei Darussalam","Brunéi Darussalam","Brunei Darussalam","السلام دار بروني","文莱达鲁萨兰国","Бруней-Даруссалам","Brunei Darussalam","le Brunéi Darussalam","Brunei Darussalam","السلام دار بروني","文莱达鲁萨兰国","Бруней-Даруссалам"
"100","27","BUL","Bulgaria","BG","BGR","1900","9999","280","E","Bulgaria","Bulgarie","Bulgaria","جمهورية بلغاريا","保加利亚","Болгария","the Republic of Bulgaria","la République de Bulgarie","la República de Bulgaria","جمهورية بلغاريا","保加利亚","Болгария"
"104","28","MYA","Myanmar","MM","MMR","1900","9999","1385","E","Myanmar","Myanmar","Myanmar","جمهورية اتحاد ميانمار","缅甸联邦共和国","Республика Союз Мьянма","the Republic of the Union of Myanmar","République de l'Union du Myanmar","la República de la Unión de Myanmar","جمهورية اتحاد ميانمار","缅甸联邦共和国","Республика Союз Мьянма"
"108","29","BDI","Burundi","BI","BDI","1900","9999","300","F","Burundi","Burundi","Burundi","بوروندي","布隆迪","Бурунди","the Republic of Burundi","la République du Burundi","la República de Burundi","بوروندي","布隆迪","Бурунди"
"010","30","","Antarctica","AQ","ATA","1900","9999","","E","Antarctica others","Antarctique autres","Antartida otros","","","","Antarctica","Antarctique","Antártida","","",""
"074","31","","Bouvet Is","BV","BVT","1900","9999","220","E","Bouvet Island","Île Bouvet","Isla Bouvet","بوفيه جزر","博维特岛","остров Буве","Bouvet Island","Île Bouvet","Isla Bouvet","بوفيه جزر","博维特岛","остров Буве"
"120","32","CMR","Cameroon","CM","CMR","1900","9999","310","F","Cameroon","Cameroun","Camerún","جمهورية الكاميرون","喀麦隆","Камерун","the Republic of Cameroon","la République du Cameroun","la República del Camerún","جمهورية الكاميرون","喀麦隆","Камерун"
"124","33","CAN","Canada","CA","CAN","1900","9999","320","E","Canada","Canada","Canadá","كندا","加拿大","Канада","Canada","le Canada","el Canadá","كندا","加拿大","Канада"
"128","34","","Canton Is","","","1900","1979","","E","Canton and Enderbury Is","Canton et Enderbury, Îl","Canton y Enderbury, Is","","","","","","","","",""
"132","35","CVI","Cabo Verde","CV","CPV","1900","9999","302","F","Cabo Verde","Cabo Verde","Cabo Verde","الأخضر الرأس","佛得角","Кабо-Верде","Republic of Cabo Verde","la République de Cabo Verde","la República de Cabo Verde","الأخضر الرأس جمهورية","佛得角共和国"," Республика Кабо-Верде"
"136","36","CAY","Cayman Is","KY","CYM","1900","9999","380","E","Cayman Islands","Îles Caïmanes","Islas Caimán","كايمان جزر","开曼群岛","Каймановы острова","Cayman Islands","les Îles Caïmanes","Islas Caimán","كايمان جزر","开曼群岛","Каймановы острова"
"140","37","CAF","Cent Afr Rep","CF","CAF","1900","9999","390","F","Central African Republic","Rép. centrafricaine","República Centroafricana","جمهورية أفريقيا الوسطى","中非共和国","Центральноафриканская Республика","the Central African Republic","la République centrafricaine","la República Centroafricana","جمهورية أفريقيا الوسطى","中非共和国","Центральноафриканская Республика"
"144","38","SRL","Sri Lanka","LK","LKA","1900","9999","1900","E","Sri Lanka","Sri Lanka","Sri Lanka","سري لانكا","斯里兰卡","Шри-Ланка","the Democratic Socialist Republic of Sri Lanka","la République socialiste démocratique de Sri Lanka","la República Socialista Democrática de Sri Lanka","سري لانكا","斯里兰卡","Шри-Ланка"
"148","39","CHD","Chad","TD","TCD","1900","9999","400","F","Chad","Tchad","Chad","جمهورية تشاد","乍 得","Чад","the Republic of Chad","la République du Tchad","la República del Chad","جمهورية تشاد","乍 得","Чад"
"152","40","CHI","Chile","CL","CHL","1900","9999","410","S","Chile","Chili","Chile","جمهورية شيلى","智利共和国","Республика Чили","the Republic of Chile","la République du Chili","la República de Chile","جمهورية شيلى","智利共和国","Республика Чили"
"156","41","CPR","China","CN","CHN","1900","9999","420","E","China","Chine","China","الصين","中华人民共和国","Китай","the People's Republic of China","la République populaire de Chine","la República Popular China","الصين","中华人民共和国","Китай"
"162","42","","Christmas Is","CX","CXR","1900","9999","430","E","Christmas Island","Île Christmas","Isla Christmas","كريسماس جزر","圣诞岛","остров Рождества","Christmas Island","Île Christmas","Isla Christmas","كريسماس جزر","圣诞岛","остров Рождества"
"166","43","","Cocos Is","CC","CCK","1900","9999","440","E","Cocos (Keeling) Islands","Îles des Cocos (Keeling)","Islas Cocos (Keeling)","كيلنغ - كوكوس جزر","可可群岛","Кокосовые острова (Килинг)","Cocos (Keeling) Islands","Îles des Cocos (Keeling)","Islas Cocos (Keeling)","كيلنغ - كوكوس جزر","可可群岛","Кокосовые острова (Килинг)"
"170","44","COL","Colombia","CO","COL","1900","9999","450","S","Colombia","Colombie","Colombia","جمهورية كولومبيا","哥伦比亚","Колумбия","the Republic of Colombia","la République de Colombie","la República de Colombia","جمهورية كولومبيا","哥伦比亚","Колумбия"
"174","45","COI","Comoros","KM","COM","1900","9999","460","F","Comoros","Comores","Comoras","جزر القمر","科摩罗","Союз Коморских Островов","the Union of the Comoros","l'Union des Comores","la Unión de las Comoras","جزر القمر","科摩罗","Союз Коморских Островов"
"178","46","PRC","Congo","CG","COG","1900","9999","463","F","Congo","Congo","Congo","جمهورية الكونغو","刚 果","Республика Конго","the Republic of the Congo","la République du Congo","la República del Congo","جمهورية الكونغو","刚 果","Республика Конго"
"184","47","CKI","Cook Is","CK","COK","1900","9999","480","E","Cook Islands","Îles Cook","Islas Cook","جزر كوك","库克群岛","Острова Кука","the Cook Islands","les Îles Cook","las Islas Cook","جزر كوك","库克群岛","Острова Кука"
"188","48","COS","Costa Rica","CR","CRI","1900","9999","490","S","Costa Rica","Costa Rica","Costa Rica","كوستاريكا","哥斯达黎加","Республика Коста-Рика","the Republic of Costa Rica","la République du Costa Rica","la República de Costa Rica","كوستاريكا","哥斯达黎加","Республика Коста-Рика"
"192","49","CUB","Cuba","CU","CUB","1900","9999","500","S","Cuba","Cuba","Cuba","جمهورية كوبا","古 巴","Республика Куба","the Republic of Cuba","la République de Cuba","la República de Cuba","جمهورية كوبا","古 巴","Республика Куба"
"196","50","CYP","Cyprus","CY","CYP","1900","9999","510","E","Cyprus","Chypre","Chipre","جمهورية قبرص","塞浦路斯共和国","Кипр","the Republic of Cyprus","la République de Chypre","la República de Chipre","جمهورية قبرص","塞浦路斯共和国","Кипр"
"200","51","","Czechoslovak","","CSK","1900","1992","520","E","Czechoslovakia","Tchécoslovaquie","Checoslovaquia","","","","Czechoslovakia","Tchécoslovaquie","Checoslovaquia","","",""
"031","52","AZE","Azerbaijan","AZ","AZE","1992","9999","103","E","Azerbaijan","Azerbaïdjan","Azerbaiyán","الجمهورية الأذربيجانية","阿塞拜疆共和国","Азербайджан","the Republic of Azerbaijan","la République d'Azerbaïdjan","la República de Azerbaiyán","الجمهورية الأذربيجانية","阿塞拜疆共和国","Азербайджан"
"204","53","BEN","Benin","BJ","BEN","1900","9999","171","F","Benin","Bénin","Benin","جمهورية بنن","贝 宁","Республика Бенин","the Republic of Benin","la République du Bénin","la República de Benin","جمهورية بنن","贝 宁","Республика Бенин"
"208","54","DEN","Denmark","DK","DNK","1900","9999","530","E","Denmark","Danemark","Dinamarca","مملكة الدانمرك","丹麦王国","Дания","the Kingdom of Denmark","le Royaume du Danemark","el Reino de Dinamarca","مملكة الدانمرك","丹麦王国","Дания"
"212","55","DMI","Dominica","DM","DMA","1900","9999","540","E","Dominica","Dominique","Dominica","كمنولث دومينيكا","多米尼克","Доминика","the Commonwealth of Dominica","le Commonwealth de la Dominique","el Commonwealth de Dominica","كمنولث دومينيكا","多米尼克","Доминика"
"214","56","DOM","Dominican Rp","DO","DOM","1900","9999","550","S","Dominican Republic","République dominicaine","República Dominicana","الجمهورية الدومينيكية","多米尼加共和国","Доминиканская Республика","the Dominican Republic","la République dominicaine","la República Dominicana","الجمهورية الدومينيكية","多米尼加共和国","Доминиканская Республика"
"112","57","BYE","Belarus","BY","BLR","1992","9999","146","E","Belarus","Bélarus","Belarús","جمهورية بيلاروس","白俄罗斯","Беларусь","the Republic of Belarus","la République du Bélarus","la República de Belarús","جمهورية بيلاروس","白俄罗斯","Беларусь"
"218","58","ECU","Ecuador","EC","ECU","1900","9999","580","S","Ecuador","Équateur","Ecuador","جمهورية إكوادور","厄瓜多尔共和国","Эквадор","the Republic of Ecuador","la République de l'Équateur","la República del Ecuador","جمهورية إكوادور","厄瓜多尔共和国","Эквадор"
"818","59","EGY","Egypt","EG","EGY","1900","9999","590","E","Egypt","Égypte","Egipto","مصر","埃 及","Египет","the Arab Republic of Egypt","la République arabe d'Égypte","la República Árabe de Egipto","مصر","埃 及","Египет"
"222","60","ELS","El Salvador","SV","SLV","1900","9999","600","S","El Salvador","El Salvador","El Salvador","السلفادور","萨尔瓦多","Сальвадор","the Republic of El Salvador","la République d'El Salvador","la República de El Salvador","السلفادور","萨尔瓦多","Сальвадор"
"226","61","EQG","Eq Guinea","GQ","GNQ","1900","9999","610","S","Equatorial Guinea","Guinée équatoriale","Guinea Ecuatorial","غينيا الاستوائية","赤道几内亚","Экваториальная Гвинея","the Republic of Equatorial Guinea","la République de Guinée équatoriale","la República de Guinea Ecuatorial","غينيا الاستوائية","赤道几内亚","Экваториальная Гвинея"
"230","62","","Ethiopia PDR","","","1900","1992","625","E","Ethiopia PDR","Éthiopie RDP","Etiopía RDP","","","","","","","","",""
"233","63","EST","Estonia","EE","EST","1992","9999","617","E","Estonia","Estonie","Estonia","جمهورية إستونيا","爱沙尼亚","Эстонская Республика","the Republic of Estonia","la République d'Estonie","la República de Estonia","جمهورية إستونيا","爱沙尼亚","Эстонская Республика"
"234","64","","Faroe Is","FO","FRO","1900","9999","645","E","Faroe Islands","Îles Féroé","Islas Feroe","جزر فيرويه(Associate Member)","法罗群岛","Фарерские Острова","Faroe Islands","les Îles Féroé","las Islas Feroe","جزر فيرويه(Associate Member)","法罗群岛","Фарерские Острова"
"238","65","","Falkland Is","FK","FLK","1900","9999","640","E","Falkland Is.(Malvinas)","Îles Falkland(Malvinas)","Islas Malvinas(Falkland)","مالفيناس - فوكلاند جزر","福克兰群岛（马尔维纳斯）","Фолклендские (Мальвинские) острова","the Falkland Islands (Malvinas)","les Îles Falkland (Malvinas)","las Islas Malvinas (Falkland Islands)","مالفيناس - فوكلاند جزر","福克兰群岛（马尔维纳斯）","Фолклендские (Мальвинские) острова"
"242","66","FIJ","Fiji","FJ","FJI","1900","9999","650","E","Fiji","Fidji","Fiji","فيجي","斐济","Фиджи","the Republic of Fiji","la République des Fidji","la República de Fiji","جمهوريّة فيجي","斐济共和国","Республика Фиджи"
"246","67","FIN","Finland","FI","FIN","1900","9999","660","E","Finland","Finlande","Finlandia","فنلندا","芬 兰","Финляндия","the Republic of Finland","la République de Finlande","la República de Finlandia","فنلندا","芬 兰","Финляндия"
"250","68","FRA","France","FR","FRA","1900","9999","670","F","France","France","Francia","فرنسا","法  国","Франция","the French Republic","la République française","la República Francesa","فرنسا","法  国","Франция"
"254","69","FGU","Fr Guiana","GF","GUF","1900","9999","680","F","French Guiana","Guyane française","Guayana Francesa","من غيانا الفرنسية","法属圭亚那人/法属圭亚那的","гвианский","French Guiana","Guyane française","Guayana francesa","من غيانا الفرنسية","法属圭亚那人/法属圭亚那的","гвианский"
"258","70","FPL","Fr Polynesia","PF","PYF","1900","9999","690","F","French Polynesia","Polynésie française","Polinesia Francesa","من بولينيزيا الفرنسية","波利尼西亚人/波利尼西亚的","полинезиец","French Polynesia","la Polynésie française","Polinesia Francesa","من بولينيزيا الفرنسية","波利尼西亚人/波利尼西亚的","полинезиец"
"260","71","","Fr South Tr","TF","ATF","1900","9999","700","F","French Southern Terr","Terres australes fr.","Tierras Australes Fr.","أنتارتيكا في والواقعة الجنوبية الفرنسية الأقاليم","法属南半球和南极领地","Французские южные и антарктические территории","French Southern and Antarctic Territories","les Terres australes et antarctiques françaises","las Tierras Australes y Antárticas Francesas","أنتارتيكا في والواقعة الجنوبية الفرنسية الأقاليم","法属南半球和南极领地","Французские южные и антарктические территории"
"262","72","DJI","Djibouti","DJ","DJI","1900","9999","535","F","Djibouti","Djibouti","Djibouti","جيبوتي","吉布提","Джибути","the Republic of Djibouti","la République de Djibouti","la República de Djibouti","جيبوتي","吉布提","Джибути"
"268","73","GEO","Georgia","GE","GEO","1992","9999","742","E","Georgia","Géorgie","Georgia","جورجيا","格鲁吉亚","Грузия","Georgia","la Géorgie","Georgia","جورجيا","格鲁吉亚","Грузия"
"266","74","GAB","Gabon","GA","GAB","1900","9999","720","F","Gabon","Gabon","Gabón","الجمهورية الغابونية","加 蓬","Габон","the Gabonese Republic","la République gabonaise","la República Gabonesa","الجمهورية الغابونية","加 蓬","Габон"
"270","75","GAM","Gambia","GM","GMB","1900","9999","730","E","Gambia","Gambia","Gambia","غامبيا","冈比亚","Гамбия","the Republic of the Gambia","la République de Gambie","la República de Gambia","غامبيا جمهوريّة ","冈比亚共和国","Республика Гамбия"
"274","76","PAL","Gaza Strip","","","1900","1998","740","E","Gaza Strip(Palestine)","Bande de Gaza(Palestine)","Faja de Gaza(Palestina)","","","","","","","","",""
"278","77","","Germany NL","","","1900","1990","760","E","Germany,New Länder","Allemagne,NouveauxLänder","Alemania,Nuevos Länder","","","","","","","","",""
"280","78","","Germany FR","","","1900","1990","750","E","Germany, Fed. Rep. of","Allemagne, Rép. féd. d'","Alemania, Rep. Fed. de","","","","","","","","",""
"276","79","GER","Germany","DE","DEU","1990","9999","745","E","Germany","Allemagne","Alemania","ألمانيا","德意志联邦共和国","Германия","the Federal Republic of Germany","la République fédérale d'Allemagne","la República Federal de Alemania","ألمانيا","德意志联邦共和国","Германия"
"070","80","BIH","Bosnia Herzg","BA","BIH","1992","9999","206","E","Bosnia and Herzegovina","Bosnie-Herzégovine","Bosnia y Herzegovina","البوسنة والهرسك","波斯尼亚－黑塞哥维那","Босния и Герцеговина","Bosnia and Herzegovina","la Bosnie-Herzégovine","Bosnia y Herzegovina","البوسنة والهرسك","波斯尼亚－黑塞哥维那","Босния и Герцеговина"
"288","81","GHA","Ghana","GH","GHA","1900","9999","770","E","Ghana","Ghana","Ghana","جمهورية غانا","加 纳","Гана","the Republic of Ghana","la République du Ghana","la República de Ghana","جمهورية غانا","加 纳","Гана"
"292","82","GIB","Gibraltar","GI","GIB","1900","9999","780","E","Gibraltar","Gibraltar","Gibraltar","من جبل طارق","直布罗陀人/直布罗陀的","гибралтарский","Gibraltar","Gibraltar","Gibraltar","من جبل طارق","直布罗陀人/直布罗陀的","гибралтарский"
"296","83","KIR","Kiribati","KI","KIR","1900","9999","1085","E","Kiribati","Kiribati","Kiribati","كيريباس","基里巴斯","Кирибати","the Republic of Kiribati","la République de Kiribati","la República de Kiribati","كيريباس","基里巴斯","Кирибати"
"300","84","GRE","Greece","GR","GRC","1900","9999","800","E","Greece","Grèce","Grecia","اليونان","希 腊","Греция","the Hellenic Republic","la République hellénique","la República Helénica","اليونان","希 腊","Греция"
"304","85","GRL","Greenland","GL","GRL","1900","9999","810","E","Greenland","Groenland","Groenlandia","غرينلاند","格陵兰","Гренландия","Greenland","Groenland","Groenlandia","غرينلاند","格陵兰","Гренландия"
"308","86","GRN","Grenada","GD","GRD","1900","9999","820","E","Grenada","Grenade","Granada","غرينادا","格林纳达","Гренада","Grenada","la Grenade","Granada","غرينادا","格林纳达","Гренада"
"312","87","GUD","Guadeloupe","GP","GLP","1900","9999","830","F","Guadeloupe","Guadeloupe","Guadalupe","غواديالوب","瓜德罗普","Гваделупа","Guadeloupe","la Guadeloupe","Guadalupe","غواديالوب","瓜德罗普","Гваделупа"
"316","88","","Guam","GU","GUM","1900","9999","840","E","Guam","Guam","Guam","غوام","关岛","Гуам","Guam","Guam","Guam","غوام","关岛","Гуам"
"320","89","GUA","Guatemala","GT","GTM","1900","9999","850","S","Guatemala","Guatemala","Guatemala","غواتيمالا","危地马拉共和国","Гватемала","the Republic of Guatemala","la République du Guatemala","la República de Guatemala","غواتيمالا","危地马拉共和国","Гватемала"
"324","90","GUI","Guinea","GN","GIN","1900","9999","860","F","Guinea","Guinée","Guinea","غينيا","几内亚共和国","Гвинейская Республика","the Republic of Guinea","la République de Guinée","la República de Guinea","غينيا","几内亚共和国","Гвинейская Республика"
"328","91","GUY","Guyana","GY","GUY","1900","9999","880","E","Guyana","Guyana","Guyana","غيانا","圭亚那","Гайана","the Co-operative Republic of Guyana","la République coopérative du Guyana","la República Cooperativa de Guyana","التعاونيّة غيانا جمهوريّة","圭亚那合作共和国","Кооперативная Республика Гайана"
"334","92","","Heard Is","HM","HMD","1900","9999","900","E","Heard and McDonald Is.","Îles Heard et McDonald","Islas Heard y McDonald","ماكدونالد وجزيرة هيرد جزيرة","赫德和麦克唐纳群岛；赫德岛和麦克唐纳岛","острова Херд и Макдональд","Heard Island and McDonald Island","Îles Heard et McDonald","Islas Heard y McDonald","ماكدونالد وجزيرة هيرد جزيرة","赫德和麦克唐纳群岛；赫德岛和麦克唐纳岛","острова Херд и Макдональд"
"332","93","HAI","Haiti","HT","HTI","1900","9999","890","F","Haiti","Haïti","Haití","هايتي","海地共和国","Гаити","the Republic of Haiti","la République d'Haïti","la República de Haití","هايتي","海地共和国","Гаити"
"336","94","HLS","Holy See","VA","VAT","1900","9999","905","F","Holy See","Saint-Siège","Santa Sede","","","","Holy See","le Saint-Siège","la Santa Sede","","",""
"340","95","HON","Honduras","HN","HND","1900","9999","910","S","Honduras","Honduras","Honduras","هندوراس","洪都拉斯共和国","Гондурас","the Republic of Honduras","la République du Honduras","la República de Honduras","هندوراس","洪都拉斯共和国","Гондурас"
"344","96","HOK","China,H.Kong","HK","HKG","1900","9999","423","E","China, Hong Kong SAR","Chine, RAS de Hong-Kong","China, RAE de Hong Kong","خاصة إدارية منطقة كونغ هونغ الصين-","中国香港特区","Китай, Специальный административный район Гонконг","China, Hong Kong Special Administrative Region","Chine - Région administrative spéciale de Hong-Kong","China, Región Administrativa Especial de Hong Kong","خاصة إدارية منطقة كونغ هونغ الصين-","中国香港特别行政区","Китай, Специальный административный район Гонконг"
"348","97","HUN","Hungary","HU","HUN","1900","9999","930","E","Hungary","Hongrie","Hungría","هنغاريا","匈牙利","Венгрия","Hungary","la Hongrie","Hungría","هنغاريا","匈牙利","Венгрия"
"191","98","CRO","Croatia","HR","HRV","1992","9999","497","E","Croatia","Croatie","Croacia","كرواتيا","克罗地亚共和国","Хорватия","the Republic of Croatia","la République de Croatie","la República de Croacia","كرواتيا","克罗地亚共和国","Хорватия"
"352","99","ICE","Iceland","IS","ISL","1900","9999","940","E","Iceland","Islande","Islandia","جمهورية آيسلندا","冰 岛","Исландия","the Republic of Iceland","la République d'Islande","la República de Islandia","جمهورية آيسلندا","冰 岛","Исландия"
"356","100","IND","India","IN","IND","1900","9999","950","E","India","Inde","India","جمهورية الهند","印 度","Индия","the Republic of India","la République de l'Inde","la República de la India","جمهورية الهند","印 度","Индия"
"360","101","INS","Indonesia","ID","IDN","1900","9999","960","E","Indonesia","Indonésie","Indonesia","إندونيسيا","印度尼西亚","Индонезия","the Republic of Indonesia","la République d'Indonésie","la República de Indonesia","إندونيسيا","印度尼西亚","Индонезия"
"364","102","IRA","Iran","IR","IRN","1900","9999","970","E","Iran (Islamic Rep. of)","Iran (Rép. islamique d')","Irán (Rep. Islámica del)","إيران","伊朗伊斯兰共和国","Иран (Исламская Республика)","the Islamic Republic of Iran","la République islamique d'Iran","la República Islámica del Irán","إيران","伊朗伊斯兰共和国","Иран (Исламская Республика)"
"368","103","IRQ","Iraq","IQ","IRQ","1900","9999","980","E","Iraq","Iraq","Iraq","جمهورية العراق","伊拉克","Ирак","the Republic of Iraq","la République d'Iraq","la República del Iraq","جمهورية العراق","伊拉克","Ирак"
"372","104","IRE","Ireland","IE","IRL","1900","9999","990","E","Ireland","Irlande","Irlanda","آيرلندا","爱尔兰","Ирландия","Ireland","l'Irlande","Irlanda","آيرلندا","爱尔兰","Ирландия"
"376","105","ISR","Israel","IL","ISR","1900","9999","1000","E","Israel","Israël","Israel","دولة إسرائيل","以色列","Израиль","the State of Israel","l'État d'Israël","el Estado de Israel","دولة إسرائيل","以色列","Израиль"
"380","106","ITA","Italy","IT","ITA","1900","9999","1010","E","Italy","Italie","Italia","إيطاليا","意大利","Италия","the Republic of Italy","la République italienne","la República Italiana","إيطاليا","意大利","Италия"
"384","107","IVC","Côte dIvoire","CI","CIV","1900","9999","495","F","Côte d'Ivoire","Côte d'Ivoire","Côte d'Ivoire","جمهورية كوت ديفوار","科特迪瓦","Республика Кот-д'Ивуар","the Republic of Côte d'Ivoire","la République de Côte d'Ivoire","la República de Côte d'Ivoire","جمهورية كوت ديفوار","科特迪瓦","Республика Кот-д'Ивуар"
"398","108","KAZ","Kazakhstan","KZ","KAZ","1992","9999","1070","E","Kazakhstan","Kazakhstan","Kazajstán","كازاخستان","哈萨克斯坦","Казахстан","the Republic of Kazakhstan","la République du Kazakhstan","la República de Kazajstán","كازاخستان","哈萨克斯坦","Казахстан"
"388","109","JAM","Jamaica","JM","JAM","1900","9999","1030","E","Jamaica","Jamaïque","Jamaica","جامايكا","牙买加","Ямайка","Jamaica","la Jamaïque","Jamaica","جامايكا","牙买加","Ямайка"
"392","110","JPN","Japan","JP","JPN","1900","9999","1040","E","Japan","Japon","Japón","اليابان","日 本","Япония","Japan","le Japon","el Japón","اليابان","日 本","Япония"
"396","111","","Johnston Is","JT","JTN","1900","1985","","E","Johnston Island","Johnston, Ile","Johnston, Isla","","","","Johnston Island","Île Johnston","Isla Johnston","","",""
"400","112","JOR","Jordan","JO","JOR","1900","9999","1060","E","Jordan","Jordanie","Jordania","الأردن","约 旦","Иорданское Хашимитское Королевство","the Hashemite Kingdom of Jordan","le Royaume hachémite de Jordanie","el Reino Hachemita de Jordania","الأردن","约 旦","Иорданское Хашимитское Королевство"
"417","113","KYR","Kyrgyzstan","KG","KGZ","1992","9999","1115","E","Kyrgyzstan","Kirghizistan","Kirguistán","جمهورية القيرغيز","吉尔吉斯斯坦","Кыргызстан","the Kyrgyz Republic","la République kirghize","la República Kirguisa","جمهورية القيرغيز","吉尔吉斯斯坦","Кыргызстан"
"404","114","KEN","Kenya","KE","KEN","1900","9999","1080","E","Kenya","Kenya","Kenya","كينيا","肯尼亚","Кения","the Republic of Kenya","la République du Kenya","la República de Kenya","كينيا","肯尼亚","Кения"
"116","115","CMB","Cambodia","KH","KHM","1900","9999","305","E","Cambodia","Cambodge","Camboya","كمبوديا","柬埔寨","Камбоджа","the Kingdom of Cambodia","le Royaume du Cambodge","el Reino de Camboya","كمبوديا","柬埔寨","Камбоджа"
"408","116","DRK","Korea D P Rp","KP","PRK","1900","9999","1090","E","Korea, Dem. People's Rep","Rép. pop. dém. de Corée","Rep. Pop. Dem. de Corea","جمهورية كوريا الشعبية الديمقراطية","朝鲜民主主义人民共和国","Корейская Народно-Демократическая Республика","the Democratic People's Republic of Korea","la République populaire démocratique de Corée","la República Popular Democrática de Corea","جمهورية كوريا الشعبية الديمقراطية","朝鲜民主主义人民共和国","Корейская Народно-Демократическая Республика"
"410","117","ROK","Korea Rep","KR","KOR","1900","9999","1100","E","Korea, Republic of","République de Corée","República de Corea","جمهورية كوريا","大韩民国","Республика Корея","the Republic of Korea","la République de Corée","la República de Corea","جمهورية كوريا","大韩民国","Республика Корея"
"414","118","KUW","Kuwait","KW","KWT","1900","9999","1110","E","Kuwait","Koweït","Kuwait","الكويت","科威特","Кувейт","the State of Kuwait","l'État du Koweït","el Estado de Kuwait","الكويت","科威特","Кувейт"
"428","119","LAT","Latvia","LV","LVA","1992","9999","1123","E","Latvia","Lettonie","Letonia","لاتفيا","拉脱维亚","Латвия","the Republic of Latvia","la République de Lettonie","la República de Letonia","لاتفيا","拉脱维亚","Латвия"
"418","120","LAO","Lao P.Dem.R.","LA","LAO","1900","9999","1120","E","Lao People's Dem. Rep.","Rép. dém. pop. lao","Rep. Dem. Pop. Lao","جمهورية لاو الديمقراطية الشعبية","老挝人民民主共和国","Лаосская Народно-Демократическая Республика","the Lao People's Democratic Republic","la République démocratique populaire lao","la República Democrática Popular Lao","جمهورية لاو الديمقراطية الشعبية","老挝人民民主共和国","Лаосская Народно-Демократическая Республика"
"422","121","LEB","Lebanon","LB","LBN","1900","9999","1130","E","Lebanon","Liban","Líbano","الجمهورية اللبنانية","黎巴嫩","Ливан","the Lebanese Republic","la République libanaise","la República libanesa","الجمهورية اللبنانية","黎巴嫩","Ливан"
"426","122","LES","Lesotho","LS","LSO","1900","9999","1140","E","Lesotho","Lesotho","Lesotho","مملكة ليسوتو","莱索托","Королевство Лесото","the Kingdom of Lesotho","le Royaume du Lesotho","el Reino de Lesotho","مملكة ليسوتو","莱索托","Королевство Лесото"
"430","123","LIR","Liberia","LR","LBR","1900","9999","1150","E","Liberia","Libéria","Liberia","ليبريا","利比里亚","Либерия","the Republic of Liberia","la République du Libéria","la República de Liberia","ليبريا","利比里亚","Либерия"
"434","124","LIB","Libya","LY","LBY","1900","9999","1160","E","Libya","Libye","Libia","ليبيا","利比亚","Ливия","State of Libya","l'État de Libye","Estado de Libia","دولة ليبيا","利比亚国","Государство Ливия"
"438","125","LIE","Liechtensten","LI","LIE","1900","9999","1170","F","Liechtenstein","Liechtenstein","Liechtenstein","لختنشتاين","列支敦士登","Лихтенштейн","the Principality of Liechtenstein","la Principauté du Liechtenstein","el Principado de Liechtenstein","لختنشتاين إمارة","列支敦士登公国","Княжество Лихтенштейн"
"440","126","LIT","Lithuania","LT","LTU","1992","9999","1175","E","Lithuania","Lituanie","Lituania","ليتوانيا","立陶宛共和国","Литва","the Republic of Lithuania","la République de Lituanie","la República de Lituania","ليتوانيا","立陶宛共和国","Литва"
"584","127","MAS","Marshall Is","MH","MHL","1900","9999","1285","E","Marshall Islands","Îles Marshall","Islas Marshall","جمهورية جزر مارشال","马绍尔群岛共和国","Маршалловы Острова","the Republic of the Marshall Islands","la République des Îles Marshall","la República de las Islas Marshall","جمهورية جزر مارشال","马绍尔群岛共和国","Маршалловы Острова"
"446","128","MAC","China, Macao","MO","MAC","1900","9999","424","E","China, Macao SAR","Chine, RAS de Macao","China, RAE de Macao","خاصة إدارية منطقة مكاو الصين-","中国澳门特区","Китай, Специальный административный район Макао","China, Macao SAR","Chine - RAS de Macao","China, Región Administrativa Especial de Macao","خاصة إدارية منطقة مكاو الصين-","中国澳门特别行政区","Китай, Специальный административный район Макао"
"450","129","MAG","Madagascar","MG","MDG","1900","9999","1200","F","Madagascar","Madagascar","Madagascar","جمهورية مدغشقر","马达加斯加","Мадагаскар","the Republic of Madagascar","la République de Madagascar","la República de Madagascar","جمهورية مدغشقر","马达加斯加","Мадагаскар"
"454","130","MLW","Malawi","MW","MWI","1900","9999","1210","E","Malawi","Malawi","Malawi","ملاوي","马拉维","Малави","the Republic of Malawi","la République du Malawi","la República de Malawi","ملاوي","马拉维","Малави"
"458","131","MAL","Malaysia","MY","MYS","1900","9999","1220","E","Malaysia","Malaisie","Malasia","ماليزيا","马来西亚","Малайзия","Malaysia","la Malaisie","Malasia","ماليزيا","马来西亚","Малайзия"
"462","132","MDV","Maldives","MV","MDV","1900","9999","1260","E","Maldives","Maldives","Maldivas","ملديف","马尔代夫共和国","Мальдивы","the Republic of Maldives","la République des Maldives","la República de Maldivas","ملديف","马尔代夫共和国","Мальдивы"
"466","133","MLI","Mali","ML","MLI","1900","9999","1270","F","Mali","Mali","Malí","مالي","马里共和国","Республика Мали","the Republic of Mali","la République du Mali","la República de Malí","مالي","马里共和国","Республика Мали"
"470","134","MAT","Malta","MT","MLT","1900","9999","1280","E","Malta","Malte","Malta","جمهورية مالطة","马耳他","Мальта","the Republic of Malta","la République de Malte","la República de Malta","جمهورية مالطة","马耳他","Мальта"
"474","135","MAQ","Martinique","MQ","MTQ","1900","9999","1290","F","Martinique","Martinique","Martinica","مارتينيك","马提尼克","Мартиника","Martinique","Martinique","Martinica","مارتينيك","马提尼克","Мартиника"
"478","136","MAU","Mauritania","MR","MRT","1900","9999","1300","F","Mauritania","Mauritanie","Mauritania","موريتانيا","毛里塔尼亚伊斯兰共和国","Мавритания","the Islamic Republic of Mauritania","la République islamique de Mauritanie","la República Islámica de Mauritania","موريتانيا","毛里塔尼亚伊斯兰共和国","Мавритания"
"480","137","MAR","Mauritius","MU","MUS","1900","9999","1310","E","Mauritius","Maurice","Mauricio","موريشيوس","毛里求斯","Маврикий","the Republic of Mauritius","la République de Maurice","la República de Mauricio","موريشيوس","毛里求斯","Маврикий"
"484","138","MEX","Mexico","MX","MEX","1900","9999","1320","S","Mexico","Mexique","México","المكسيك","墨西哥","Мексика","the United Mexican States","les États-Unis du Mexique","los Estados Unidos Mexicanos","المكسيك","墨西哥","Мексика"
"488","139","","Midway Is","MI","MID","1900","1985","","E","Midway Islands","Midway, Îles","Midway, Islas","","","","Midway Island","Île Midway","Islas Midway","","",""
"492","140","MNC","Monaco","MC","MCO","1900","9999","1340","F","Monaco","Monaco","Mónaco","موناكو","摩纳哥","Княжество Монако","the Principality of Monaco","la Principauté de Monaco","el Principado de Mónaco","موناكو","摩纳哥","Княжество Монако"
"496","141","MON","Mongolia","MN","MNG","1900","9999","1350","E","Mongolia","Mongolie","Mongolia","منغوليا","蒙 古","Монголия","Mongolia","la Mongolie","Mongolia","منغوليا","蒙 古","Монголия"
"500","142","MOT","Montserrat","MS","MSR","1900","9999","1360","E","Montserrat","Montserrat","Montserrat","مونتيسيرات","蒙特塞拉特","Монтсеррат","Montserrat","Montserrat","Montserrat","مونتيسيرات","蒙特塞拉特","Монтсеррат"
"504","143","MOR","Morocco","MA","MAR","1900","9999","1370","F","Morocco","Maroc","Marruecos","المملكة المغربية","摩洛哥","Королевство Марокко","the Kingdom of Morocco","le Royaume du Maroc","el Reino de Marruecos","المملكة المغربية","摩洛哥","Королевство Марокко"
"508","144","MOZ","Mozambique","MZ","MOZ","1900","9999","1380","E","Mozambique","Mozambique","Mozambique","موزامبيق","莫桑比克","Мозамбик","the Republic of Mozambique","la République du Mozambique","la República de Mozambique","موزامبيق","莫桑比克","Мозамбик"
"583","145","MIC","Micronesia","FM","FSM","1900","9999","1325","E","Micronesia, Fed.States of","Micronésie(États féd.de)","Micronesia(Estados Fed.)","ولايات ميكرونيزيا الموحدة","密克罗尼西亚(联邦)","Федеративные Штаты Микронезии","the Federated States of Micronesia","les États fédérés de Micronésie","los Estados Federados de Micronesia","ولايات ميكرونيزيا الموحدة","密克罗尼西亚(联邦)","Федеративные Штаты Микронезии"
"498","146","MOL","Moldova Rep","MD","MDA","1992","9999","1330","E","Moldova, Republic of","République de Moldova","República de Moldova","مولدوفي","摩尔多瓦的","Республика Молдова","the Republic of Moldova","la République de Moldova","la República de Moldova","مولدوفي","摩尔多瓦的","Республика Молдова"
"516","147","NAM","Namibia","NA","NAM","1900","9999","1390","E","Namibia","Namibie","Namibia","ناميبيا","纳米比亚","Намибия","the Republic of Namibia","la République de Namibie","la República de Namibia","ناميبيا","纳米比亚","Намибия"
"520","148","NAU","Nauru","NR","NRU","1900","9999","1400","E","Nauru","Nauru","Nauru","ناورو","瑙 鲁","Республика Науру","the Republic of Nauru","la République de Nauru","la República de Nauru","ناورو","瑙 鲁","Республика Науру"
"524","149","NEP","Nepal","NP","NPL","1900","9999","1410","E","Nepal","Népal","Nepal","نيبال","尼泊尔","Федеративная Демократическая Республика Непал","Federal Democratic Republic of Nepal","République démocratique fédérale du Nepal","República Federal Democrática de Nepal","نيبال","尼泊尔","Федеративная Демократическая Республика Непал"
"528","150","NET","Netherlands","NL","NLD","1900","9999","1420","E","Netherlands","Pays-Bas","Países Bajos","هولندا","荷兰王国","Нидерланды","the Kingdom of the Netherlands","le Royaume des Pays-Bas","el Reino de los Países Bajos","هولندا","荷兰王国","Нидерланды"
"530","151","NAN","NethAntilles","AN","ANT","1900","2010","1430","E","Netherlands Antilles","Antilles néerlandaises","Antillas Neerlandesas","من جزر الأنتيل الهولندية","荷属安的列斯人/属安的列斯人的","(из/ житель) Голландских Антильских островов","Netherlands Antilles","les Antilles néerlandaises","Antillas Neerlandesas","من جزر الأنتيل الهولندية","荷属安的列斯人/属安的列斯人的","(из/ житель) Голландских Антильских островов"
"536","152","","Neutral Zone","","","1900","9999","","E","Neutral Zone","Zone neutre","Zona Neutral","","","","","","","","",""
"540","153","NCA","NewCaledonia","NC","NCL","1900","9999","1450","F","New Caledonia","Nouvelle-Calédonie","Nueva Caledonia","الجديدة كاليدونيا","新喀里多尼亚","Новая Каледония","New Caledonia","Nouvelle-Calédonie","Nueva Caledonia","الجديدة كاليدونيا","新喀里多尼亚","Новая Каледония"
"807","154","MCD","NorthMacedon","MK","MKD","1992","9999","1523","E","North Macedonia","Macédoine du Nord","Macedonia del Norte","مقدونيا الشمالية","北马其顿","Северная Македония","the Republic of North Macedonia","la République de Macédoine du Nord","la República de Macedonia del Norte","جمهورية مقدونيا الشمالية","北马其顿共和国","Республика Северная Македония"
"548","155","VAN","Vanuatu","VU","VUT","1900","9999","2365","E","Vanuatu","Vanuatu","Vanuatu","فانواتو","瓦努阿图共和国","Республика Вануату","the Republic of Vanuatu","la République de Vanuatu","la República de Vanuatu","فانواتو","瓦努阿图共和国","Республика Вануату"
"554","156","NZE","New Zealand","NZ","NZL","1900","9999","1470","E","New Zealand","Nouvelle-Zélande","Nueva Zelandia","نيوزيلندا","新西兰","Новая Зеландия","New Zealand","la Nouvelle-Zélande","Nueva Zelandia","نيوزيلندا","新西兰","Новая Зеландия"
"558","157","NIC","Nicaragua","NI","NIC","1900","9999","1480","S","Nicaragua","Nicaragua","Nicaragua","نيكاراغوا","尼加拉瓜共和国","Никарагуа","the Republic of Nicaragua","la République du Nicaragua","la República de Nicaragua","نيكاراغوا","尼加拉瓜共和国","Никарагуа"
"562","158","NER","Niger","NE","NER","1900","9999","1490","F","Niger","Niger","Níger","النيجر","尼日尔","Республика Нигер","the Republic of the Niger","la République du Niger","la República del Níger","النيجر","尼日尔","Республика Нигер"
"566","159","NIR","Nigeria","NG","NGA","1900","9999","1500","E","Nigeria","Nigéria","Nigeria","نيجيريا","尼日利亚","Нигерия","the Federal Republic of Nigeria","la République fédérale du Nigéria","la República Federal de Nigeria","نيجيريا","尼日利亚","Нигерия"
"570","160","NIU","Niue","NU","NIU","1900","9999","1510","E","Niue","Nioué","Niue","نيوى","纽埃","Ниуэ","the Republic of Niue","la République de Nioué","la República de Niue","نيوى","纽埃","Ниуэ"
"574","161","","Norfolk Is","NF","NFK","1900","9999","1520","E","Norfolk Island","Île Norfolk","Isla Norfolk","لنورفولك لجزيرة تابعة مناطق نورفولك- جزيرة","诺福克岛","остров Норфолк","Territory of Norfolk Island","Île Norfolk","Isla Norfolk","لنورفولك لجزيرة تابعة مناطق نورفولك- جزيرة","诺福克岛","остров Норфолк"
"578","162","NOR","Norway","NO","NOR","1900","9999","1530","E","Norway","Norvège","Noruega","النرويج","挪 威","Норвегия","the Kingdom of Norway","le Royaume de Norvège","el Reino de Noruega","النرويج","挪 威","Норвегия"
"580","163","","N Marianas","MP","MNP","1900","9999","1525","E","Northern Mariana Is.","Îles Mariannes du Nord","Islas Marianas septent.","الشمالية ماريانا جزر","北马里亚纳群岛","Северные Марианские острова","Northern Mariana Islands","Commonwealth des Mariannes du Nord","Islas Marianas septentrionales","الشمالية ماريانا جزر","北马里亚纳群岛","Содружество Северных Марианских островов"
"582","164","","Pacific Is","","","1900","1990","","E","Pacific Islands Trust Tr","Pacifique, Îles du","Pacifico, Islas del","","","","Pacific Islands Trust Territory","Territoire des Îles du Pacifique","Territorio de las Islas del Pacífico","","",""
"586","165","PAK","Pakistan","PK","PAK","1900","9999","1560","E","Pakistan","Pakistan","Pakistán","باكستان","巴基斯坦","Пакистан","the Islamic Republic of Pakistan","la République islamique du Pakistan","la República Islámica del Pakistán","باكستان","巴基斯坦","Пакистан"
"591","166","PAN","Panama","PA","PAN","1900","9999","1570","S","Panama","Panama","Panamá","جمهورية بنما","巴拿马","Панама","the Republic of Panama","la République du Panama","la República de Panamá","جمهورية بنما","巴拿马","Панама"
"203","167","CEH","Czechia","CZ","CZE","1993","9999","515","E","Czechia","Tchéquie","Chequia","التشيك","捷克","Чехия","the Czech Republic","la République tchèque","la República Checa","التشيكيّة الجمهوريّة","捷克共和国","Чешская Республика"
"598","168","PNG","Papua N Guin","PG","PNG","1900","9999","1590","E","Papua New Guinea","Papouasie-Nlle-Guinée","Papua Nueva Guinea","الجديدة غينيا بابوا","巴布亚新几内亚独立国","Папуа-Новая Гвинея","Independent State of Papua New Guinea","État indépendant de Papouasie-Nouvelle-Guinée","Estado Independiente de Papua Nueva Guinea","المستقلة الجديدة غينيا بابوا دولة","巴布亚新几内亚独立国","Независимое государство Папуа-Новая Гвинея"
"600","169","PAR","Paraguay","PY","PRY","1900","9999","1600","S","Paraguay","Paraguay","Paraguay","باراغواي","巴拉圭","Парагвай","the Republic of Paraguay","la République du Paraguay","la República del Paraguay","باراغواي","巴拉圭","Парагвай"
"604","170","PER","Peru","PE","PER","1900","9999","1610","S","Peru","Pérou","Perú","بيرو","秘鲁共和国","Перу","the Republic of Peru","la République du Pérou","la República del Perú","بيرو","秘鲁共和国","Перу"
"608","171","PHI","Philippines","PH","PHL","1900","9999","1620","E","Philippines","Philippines","Filipinas","جمهورية الفلبين","菲律宾共和国","Республика Филиппины","the Republic of the Philippines","la République des Philippines","la República de Filipinas","جمهورية الفلبين","菲律宾共和国","Республика Филиппины"
"612","172","","Pitcairn Is","PN","PCN","1900","9999","1630","E","Pitcairn Islands","Îles Pitcairn","Islas Pitcairn","بيتكيرن جزر","皮特克恩岛","Питкэрн","Pitcairn Islands","Îles Pitcairn","Islas Pitcairn","بيتكيرن جزر","皮特克恩岛","Питкэрн"
"616","173","POL","Poland","PL","POL","1900","9999","1640","E","Poland","Pologne","Polonia","بولندا","波 兰","Польша","the Republic of Poland","la République de Pologne","la República de Polonia","بولندا","波 兰","Польша"
"620","174","POR","Portugal","PT","PRT","1900","9999","1650","E","Portugal","Portugal","Portugal","البرتغال","葡萄牙","Португальская Республика","the Portuguese Republic","la République portugaise","la República Portuguesa","البرتغال","葡萄牙","Португальская Республика"
"624","175","GBS","GuineaBissau","GW","GNB","1900","9999","870","F","Guinea-Bissau","Guinée-Bissau","Guinea-Bissau","غينيا - بيساو","几内亚比绍","Гвинея-Бисау","the Republic of Guinea-Bissau","la République de Guinée-Bissau","la República de Guinea-Bissau","غينيا - بيساو","几内亚比绍","Гвинея-Бисау"
"626","176","","Timor-Leste","TL","TLS","1900","9999","1995","E","Timor-Leste","Timor-Leste","Timor-Leste","تيمور- ليشتى","东帝汶","Тимор-Лешти","the Democratic Republic of Timor-Leste","la République démocratique du Timor-Leste","la República Democrática de Timor-Leste","تيمور- ليشتى","东帝汶","Тимор-Лешти"
"630","177","PUE","Puerto Rico","PR","PRI","1900","9999","1660","E","Puerto Rico","Porto Rico","Puerto Rico","بورتوريكو","波多黎各","Пуэрто-Рико","Puerto Rico","Porto Rico","Puerto Rico","بورتوريكو كمنولث","波多黎各自由联邦","Содружество Пуэрто-Рико"
"232","178","ERI","Eritrea","ER","ERI","1993","9999","615","E","Eritrea","Érythrée","Eritrea","إريتريا","厄立特里亚","Эритрея","the State of Eritrea","l'État d'Érythrée","el Estado de Eritrea","إريتريا دولة","厄立特里亚国","Государство Эритрея"
"634","179","QAT","Qatar","QA","QAT","1900","9999","1670","E","Qatar","Qatar","Qatar","دولة قطر","卡塔尔","Государство Катар","the State of Qatar","l'État du Qatar","el Estado de Qatar","دولة قطر","卡塔尔","Государство Катар"
"585","180","TTP","Palau","PW","PLW","1900","9999","1565","E","Palau","Palaos","Palau","بالاو","帕劳共和国","Палау","the Republic of Palau","la République des Palaos","la República de Palau","بالاو","帕劳共和国","Палау"
"716","181","ZIM","Zimbabwe","ZW","ZWE","1900","9999","2480","E","Zimbabwe","Zimbabwe","Zimbabwe","جمهورية زمبابوي","津巴布韦","Республика Зимбабве","the Republic of Zimbabwe","la République du Zimbabwe","la República de Zimbabwe","جمهورية زمبابوي","津巴布韦","Республика Зимбабве"
"638","182","REU","Réunion","RE","REU","1900","9999","1680","F","Réunion","Réunion","Reunión","رييونيون","留尼汪","Реюньон","Réunion","Réunion","Reunión","رييونيون","留尼汪","Реюньон"
"642","183","ROM","Romania","RO","ROU","1900","9999","1690","E","Romania","Roumanie","Rumania","رومانيا","罗马尼亚","Румыния","Romania","la Roumanie","Rumania","رومانيا","罗马尼亚","Румыния"
"646","184","RWA","Rwanda","RW","RWA","1900","9999","1700","E","Rwanda","Rwanda","Rwanda","رواندا","卢旺达","Руанда","the Republic of Rwanda","la République du Rwanda","la República de Rwanda","رواندا","卢旺达","Руанда"
"643","185","USR","Russian Fed","RU","RUS","1992","9999","1695","E","Russian Federation","Fédération de Russie","Federación de Rusia","الاتحاد الروسي","俄罗斯联邦","Российская Федерация","the Russian Federation","la Fédération de Russie","la Federación de Rusia","الاتحاد الروسي","俄罗斯联邦","Российская Федерация"
"891","186","SCG","Serbia-Monte","CS","SCG","1992","2005","1805","E","Serbia and Montenegro","Serbie-et-Monténégro","Serbia y Montenegro","","","","Serbia and Montenegro","Serbie-et-Monténégro","Serbia y Montenegro","","",""
"654","187","STH","St Helena","SH","SHN","1900","9999","1710","E","Saint Helena","Sainte-Hélène","Santa Elena","كونا دا وتريستان وأسنسيون هيلانة سانت","圣赫勒拿、阿森松和特里斯坦达库尼亚","острова Святой Елены, Вознесения и Тристан-да-Кунья","Saint Helena, Ascension and Tristan da Cunha","Sainte-Hélène, Ascension et Tristan da Cunha","Santa Elena, Ascension y Tristan da Cunha","كونا دا وتريستان وأسنسيون هيلانة سانت","圣赫勒拿、阿森松和特里斯坦达库尼亚","острова Святой Елены, Вознесения и Тристан-да-Кунья"
"659","188","STK","St Kitts Nev","KN","KNA","1900","9999","1720","E","Saint Kitts and Nevis","Saint-Kitts-et-Nevis","Saint Kitts y Nevis","سانت كيتس ونيفيس","圣基茨和尼维斯","Сент-Китс и Невис","Saint Kitts and Nevis","Saint-Kitts-et-Nevis","Saint Kitts y Nevis","سانت كيتس ونيفيس","圣基茨和尼维斯","Сент-Китс и Невис"
"662","189","STL","St Lucia","LC","LCA","1900","9999","1730","E","Saint Lucia","Sainte-Lucie","Santa Lucía","سانت لوسيا","圣卢西亚","Сент-Люсия","Saint Lucia","Sainte-Lucie","Santa Lucía","سانت لوسيا","圣卢西亚","Сент-Люсия"
"666","190","","St Pier Mq","PM","SPM","1900","9999","1740","F","St. Pierre and Miquelon","Saint-Pierre-et-Miquelon","San Pedro y Miquelón","ميكلون إي بيير سان","圣皮埃尔和密克隆","Сен-Пьер и Микелон","Saint Pierre and Miquelon","Saint-Pierre-et-Miquelon","Saint-Pierre y Miquelon","ميكلون إي بيير سان","圣皮埃尔和密克隆","Сен-Пьер и Микелон"
"670","191","STV","St Vincent","VC","VCT","1900","9999","1750","E","Saint Vincent/Grenadines","Saint-Vincent/Grenadines","San Vicente/Grenadinas","سانت فنسنت وجزر غرينادين","圣文森特和格林纳丁斯","Сент-Винсент и Гренадины","Saint Vincent and the Grenadines","Saint-Vincent-et-les Grenadines","San Vicente y las Granadinas","سانت فنسنت وجزر غرينادين","圣文森特和格林纳丁斯","Сент-Винсент и Гренадины"
"674","192","SNM","San Marino","SM","SMR","1900","9999","1770","E","San Marino","Saint-Marin","San Marino","جمهورية سان مارينو","圣马力诺","Республика Сан-Марино","the Republic of San Marino","la République de Saint-Marin","la República de San Marino","جمهورية سان مارينو","圣马力诺","Республика Сан-Марино"
"678","193","STP","Sao Tome Prn","ST","STP","1900","9999","1780","F","Sao Tome and Principe","Sao Tomé-et-Principe","Santo Tomé y Príncipe","سان تومي وبرنسيبي","圣多美和普林西比","Сан-Томе и Принсипи","the Democratic Republic of Sao Tome and Principe","la République démocratique de Sao Tomé-et-Principe","la República Democrática de Santo Tomé y Príncipe","سان تومي وبرنسيبي","圣多美和普林西比","Сан-Томе и Принсипи"
"682","194","SAU","Saudi Arabia","SA","SAU","1900","9999","1790","E","Saudi Arabia","Arabie saoudite","Arabia Saudita","المملكة العربية السعودية","沙特阿拉伯","Королевство Саудовская Аравия","the Kingdom of Saudi Arabia","le Royaume d'Arabie saoudite","el Reino de Arabia Saudita","المملكة العربية السعودية","沙特阿拉伯","Королевство Саудовская Аравия"
"686","195","SEN","Senegal","SN","SEN","1900","9999","1800","F","Senegal","Sénégal","Senegal","السنغال","塞内加尔共和国","Сенегал","the Republic of Senegal","la République du Sénégal","la República del Senegal","السنغال","塞内加尔共和国","Сенегал"
"690","196","SEY","Seychelles","SC","SYC","1900","9999","1810","E","Seychelles","Seychelles","Seychelles","سيشيل","塞舌尔共和国","Сейшельские Острова","the Republic of Seychelles","la République des Seychelles","la República de Seychelles","سيشيل","塞舌尔共和国","Сейшельские Острова"
"694","197","SIL","Sierra Leone","SL","SLE","1900","9999","1820","E","Sierra Leone","Sierra Leone","Sierra Leona","سيراليون","塞拉利昂","Сьерра-Леоне","the Republic of Sierra Leone","la République de Sierra Leone","la República de Sierra Leona","سيراليون","塞拉利昂","Сьерра-Леоне"
"705","198","SVN","Slovenia","SI","SVN","1992","9999","1846","E","Slovenia","Slovénie","Eslovenia","سلوفينيا","斯洛文尼亚","Словения","the Republic of Slovenia","la République de Slovénie","la República de Eslovenia","سلوفينيا","斯洛文尼亚","Словения"
"703","199","SLO","Slovakia","SK","SVK","1993","9999","1844","E","Slovakia","Slovaquie","Eslovaquia","سلوفاكيا","斯洛伐克","Словакия","the Slovak Republic","la République slovaque","la República Eslovaca","سلوفاكيا","斯洛伐克","Словакия"
"702","200","SIN","Singapore","SG","SGP","1900","9999","1840","E","Singapore","Singapour","Singapur","سنغافورة","新加坡","Сингапур","the Republic of Singapore","la République de Singapour","la República de Singapur","سنغافورة جمهورية","新加坡共和国","Республика Сингапур"
"706","201","SOM","Somalia","SO","SOM","1900","9999","1860","E","Somalia","Somalie","Somalia","الصومال","索马里","Сомали","the Federal Republic of Somalia","la République fédérale de Somalie","la República Federal de Somalia","الإتحادية الصومال جمهورية","索马里联邦共和国","Федеративная Республика Сомали"
"710","202","SAF","South Africa","ZA","ZAF","1900","9999","1870","E","South Africa","Afrique du Sud","Sudáfrica","جمهورية جنوب أفريقيا","南 非","Южная Африка","the Republic of South Africa","la République sud-africaine","la República de Sudáfrica","جمهورية جنوب أفريقيا","南 非","Южная Африка"
"724","203","SPA","Spain","ES","ESP","1900","9999","1890","S","Spain","Espagne","España","مملكة إسبانيا","西班牙","Королевство Испания","the Kingdom of Spain","le Royaume d'Espagne","el Reino de España","مملكة إسبانيا","西班牙","Королевство Испания"
"732","205","","Westn Sahara","EH","ESH","1900","9999","2420","S","Western Sahara","Sahara occidental","Sahara Occidental","الغربية الصحراء","西撒哈拉","Западная Сахара","Western Sahara","Sahara occidental","Sáhara occidental","الغربية الصحراء","西撒哈拉","Западная Сахара"
"736","206","SUD","Sudan (frm)","","","1956","2011","1910","E","Sudan (former)","Soudan (ex)","Sudán (ex)","السودان","苏丹","Судан","the Republic of the Sudan","la République du Soudan","la República del Sudán","السودان جمهورية","苏丹共和国","Республика Судан"
"740","207","SUR","Suriname","SR","SUR","1900","9999","1920","E","Suriname","Suriname","Suriname","سورينام","苏里南","Суринам","the Republic of Suriname","la République du Suriname","la República de Suriname","سورينام","苏里南","Суринам"
"762","208","TAJ","Tajikistan","TJ","TJK","1992","9999","1975","E","Tajikistan","Tadjikistan","Tayikistán","جمهورية طاجيكستان","塔吉克斯坦","Республика Таджикистан","the Republic of Tajikistan","la République du Tadjikistan","la República de Tayikistán","جمهورية طاجيكستان","塔吉克斯坦","Республика Таджикистан"
"748","209","SWA","Eswatini","SZ","SWZ","1900","9999","619","E","Eswatini","Eswatini","Eswatini","إسواتيني","斯威士兰","Эсватини","the Kingdom of Eswatini","le Royaume d’Eswatini","el Reino de Eswatini","مملكة إسواتيني","斯威士兰王国","Королевство Эсватини"
"752","210","SWE","Sweden","SE","SWE","1900","9999","1950","E","Sweden","Suède","Suecia","السويد","瑞 典","Королевство Швеция","the Kingdom of Sweden","le Royaume de Suède","el Reino de Suecia","السويد","瑞 典","Королевство Швеция"
"756","211","SWI","Switzerland","CH","CHE","1900","9999","1960","F","Switzerland","Suisse","Suiza","الاتحاد السويسري","瑞 士","Швейцария","the Swiss Confederation","la Confédération suisse","la Confederación Suiza","الاتحاد السويسري","瑞 士","Швейцария"
"760","212","SYR","Syria","SY","SYR","1900","9999","1970","E","Syrian Arab Republic","Rép. arabe syrienne","República Árabe Siria","الجمهورية العربية السورية","阿拉伯叙利亚共和国","Сирийская Арабская Республика","the Syrian Arab Republic","la République arabe syrienne","la República Árabe Siria","الجمهورية العربية السورية","阿拉伯叙利亚共和国","Сирийская Арабская Республика"
"795","213","TUK","Turkmenistan","TM","TKM","1992","9999","2055","E","Turkmenistan","Turkménistan","Turkmenistán","تركمانستان","土库曼斯坦","Туркменистан","Turkmenistan","le Turkménistan","Turkmenistán","تركمانستان","土库曼斯坦","Туркменистан"
"158","214","TWN","China,Taiwan","TW","TWN","1900","9999","425","E","Taiwan Province of China","Prov. chinoise de Taïwan","Prov. china de Taiwán","","","","Taiwan Province of China","Province chinoise de Taïwan","Provincia china de Taiwán","","",""
"834","215","URT","Tanzania","TZ","TZA","1900","9999","1980","E","Tanzania, United Rep. of","Rép.-Unie de Tanzanie","Rep. Unida de Tanzanía","جمهورية تنزانيا المتحدة","坦桑尼亚联合共和国","Объединенная Республика Танзания","the United Republic of Tanzania","la République-Unie de Tanzanie","la República Unida de Tanzanía","جمهورية تنزانيا المتحدة","坦桑尼亚联合共和国","Объединенная Республика Танзания"
"764","216","THA","Thailand","TH","THA","1900","9999","1990","E","Thailand","Thaïlande","Tailandia","مملكة تايلند","泰 国","Королевство Таиланд","the Kingdom of Thailand","le Royaume de Thaïlande","el Reino de Tailandia","مملكة تايلند","泰 国","Королевство Таиланд"
"768","217","TOG","Togo","TG","TGO","1900","9999","2000","F","Togo","Togo","Togo","توغو","多哥共和国","Того","the Togolese Republic","la République togolaise","la República Togolesa","توغو","多哥共和国","Того"
"772","218","TOK","Tokelau","TK","TKL","1900","9999","2010","E","Tokelau","Tokélaou","Tokelau","توكيلاو","托克劳","Токелау","Tokelau","les Tokélaou","Tokelau","توكيلاو","托克劳","Токелау"
"776","219","TON","Tonga","TO","TON","1900","9999","2020","E","Tonga","Tonga","Tonga","تونغا","汤 加","Тонга","the Kingdom of Tonga","le Royaume des Tonga","el Reino de Tonga","تونغا","汤 加","Тонга"
"780","220","TRI","Trinidad Tob","TT","TTO","1900","9999","2030","E","Trinidad and Tobago","Trinité-et-Tobago","Trinidad y Tabago","ترينيداد وتوباغو","特立尼达和多巴哥共和国","Тринидад и Тобаго","the Republic of Trinidad and Tobago","la République de Trinité-et-Tobago","la República de Trinidad y Tabago","ترينيداد وتوباغو","特立尼达和多巴哥共和国","Тринидад и Тобаго"
"512","221","OMA","Oman","OM","OMN","1900","9999","1540","E","Oman","Oman","Omán","سلطنة عمان","阿曼苏丹国","Султанат Оман","the Sultanate of Oman","le Sultanat d'Oman","la Sultanía de Omán","سلطنة عمان","阿曼苏丹国","Султанат Оман"
"788","222","TUN","Tunisia","TN","TUN","1900","9999","2040","F","Tunisia","Tunisie","Túnez","تونس","突尼斯","Тунисская Республика","the Republic of Tunisia","la République tunisienne","la República de Túnez","تونس","突尼斯","Тунисская Республика"
"792","223","TUR","Turkey","TR","TUR","1900","9999","2050","E","Turkey","Turquie","Turquía","الجمهورية التركية","土耳其","Турция","the Republic of Turkey","la République turque","la República de Turquía","الجمهورية التركية","土耳其","Турция"
"796","224","TCI","Turks Caicos","TC","TCA","1900","9999","2060","E","Turks and Caicos Is.","Îles Turques et Caïques","Islas Turcas y Caicos","وكايكوس تركس جزر","特克斯和凯科斯群岛","острова Тёркс и Кайкос","Turks and Caicos Islands","Îles Turques et Caïques","Islas Turcas y Caicos","وكايكوس تركس جزر","特克斯和凯科斯群岛","острова Тёркс и Кайкос"
"784","225","UAE","Untd Arab Em","AE","ARE","1900","9999","2250","E","United Arab Emirates","Émirats arabes unis","Emiratos Árabes Unidos","الإمارات العربية المتحدة","阿拉伯联合酋长国","Объединенные Арабские Эмираты","the United Arab Emirates","les Émirats arabes unis","los Emiratos Árabes Unidos","الإمارات العربية المتحدة","阿拉伯联合酋长国","Объединенные Арабские Эмираты"
"800","226","UGA","Uganda","UG","UGA","1900","9999","2080","E","Uganda","Ouganda","Uganda","جمهورية أوغندا","乌干达","Уганда","the Republic of Uganda","la République de l'Ouganda","la República de Uganda","جمهورية أوغندا","乌干达","Уганда"
"798","227","TUV","Tuvalu","TV","TUV","1900","9999","2070","E","Tuvalu","Tuvalu","Tuvalu","توفالو","图瓦卢","Тувалу","Tuvalu","Tuvalu","Tuvalu","توفالو","图瓦卢","Тувалу"
"810","228","","USSR","SU","SUN","1900","1991","2090","E","Un. Sov. Soc. Rep.","Union des Rép.soc.sov.","Unión de Rep.Soc.Sov.","","","","Union of Soviet Socialist Republics","Union des Républiques socialistes soviétiques ","Unión de Rep.Soc.Sov.","","",""
"826","229","UK","UK","GB","GBR","1900","9999","2260","E","United Kingdom","Royaume-Uni","Reino Unido","المملكة المتحدة","大不列颠及北爱尔兰联合王国","Соединенное Королевство (Великобритании и Северной Ирландии)","the United Kingdom of Great Britain and Northern Ireland","le Royaume-Uni de Grande-Bretagne et d'Irlande du Nord","el Reino Unido de Gran Bretaña e Irlanda del Norte","المملكة المتحدة","大不列颠及北爱尔兰联合王国","Соединенное Королевство (Великобритании и Северной Ирландии)"
"804","230","UKR","Ukraine","UA","UKR","1992","9999","2085","E","Ukraine","Ukraine","Ucrania","أوكرانيا","乌克兰","Украина","Ukraine","l'Ukraine","Ucrania","أوكرانيا","乌克兰","Украина"
"840","231","USA","USA","US","USA","1900","9999","2320","E","United States of America","États-Unis d'Amérique","EstadosUnidos de América","الولايات المتحدة الأمريكية","美利坚合众国","Соединенные Штаты Америки","the United States of America","les États-Unis d'Amérique","los Estados Unidos de América","الولايات المتحدة الأمريكية","美利坚合众国","Соединенные Штаты Америки"
"581","232","","US Minor Is","UM","UMI","1986","9999","2330","E","US Minor Outlying Is.","Îles Mineures EloignésEU","Is Menores PeriféricasEU","الصغرى المتحدة الولايات جزر","美国小离岛","малые отдаленные острова Соединенных Штатов Америки","the United States Minor Islands","Îles mineures éloignées des États-Unis","Islas Menores Periféricas de los Estados Unidos","الصغرى المتحدة الولايات جزر","美国小离岛","малые отдаленные острова Соединенных Штатов Америки"
"854","233","BKF","Burkina Faso","BF","BFA","1900","9999","285","F","Burkina Faso","Burkina Faso","Burkina Faso","بوركينا فاسو","布基纳法索","Буркина-Фасо","Burkina Faso","le Burkina Faso","Burkina Faso","بوركينا فاسو","布基纳法索","Буркина-Фасо"
"858","234","URU","Uruguay","UY","URY","1900","9999","2360","S","Uruguay","Uruguay","Uruguay","أوروغواي","乌拉圭东岸共和国","Уругвай","the Eastern Republic of Uruguay","la République orientale de l'Uruguay","la República Oriental del Uruguay","أوروغواي","乌拉圭东岸共和国","Уругвай"
"860","235","","Uzbekistan","UZ","UZB","1992","9999","2363","E","Uzbekistan","Ouzbékistan","Uzbekistán","جمهورية أوزبكستان","乌兹别克斯坦","Узбекистан","the Republic of Uzbekistan","la République d'Ouzbékistan","la República de Uzbekistán","جمهورية أوزبكستان","乌兹别克斯坦","Узбекистан"
"862","236","VEN","Venezuela","VE","VEN","1900","9999","2380","S","Venezuela, Boliv Rep of","Venezuela, Rép boliv du","Venezuela, Rep Boliv de","جمهورية فنزويلا البوليفارية","委内瑞拉 (玻利瓦尔共和国)","Венесуэла (Боливарианская Республика)","the Bolivarian Republic of Venezuela","la République bolivarienne du Venezuela","la República Bolivariana de Venezuela","جمهورية فنزويلا البوليفارية","委内瑞拉 (玻利瓦尔共和国)","Венесуэла (Боливарианская Республика)"
"704","237","VIE","Viet Nam","VN","VNM","1900","9999","2390","E","Viet Nam","Viet Nam","Viet Nam","فييت نام","越南社会主义共和国","Вьетнам","the Socialist Republic of Viet Nam","la République socialiste du Viet Nam","la República Socialista de Viet Nam","فييت نام","越南社会主义共和国","Вьетнам"
"231","238","ETH","Ethiopia","ET","ETH","1993","9999","620","E","Ethiopia","Éthiopie","Etiopía","إثيوبيا","埃塞俄比亚","Эфиопия","the Federal Democratic Republic of Ethiopia","la République fédérale démocratique d'Éthiopie","la República Democrática Federal de Etiopía","إثيوبيا","埃塞俄比亚","Эфиопия"
"092","239","BVI","Br Virgin Is","VG","VGB","1900","9999","260","E","British Virgin Islands","Îles Vierges britanniq.","Islas Vírgenes Britán.","البريطانية فيرجين جزر","英属维尔京群岛","Британские Виргинские острова","British Virgin Islands","Îles Vierges britanniques","Islas Vírgenes Británicas","البريطانية فيرجين جزر","英属维尔京群岛","Британские Виргинские острова"
"850","240","UVI","US Virgin Is","VI","VIR","1900","9999","2350","E","US Virgin Islands","Îles Vierges américaines","Islas Vírgenes (EE.UU.)","المتحدة للولايات التابعة فيرجين جزر","美属维尔京群岛","Виргинские острова США","the United States Virgin Islands","les Îles Vierges américaines","las Islas Vírgenes (EE.UU.)","المتحدة للولايات التابعة فيرجين جزر","美属维尔京群岛","Виргинские острова Соединенных Штатов"
"872","242","","Wake Is","WK","WAK","1900","1985","","E","Wake Island","Wake, Île de","Wake, Isla","","","","Wake Island","Îles Wake","Isla Wake","","",""
"876","243","WFI","Wallis Fut I","WF","WLF","1900","9999","2410","F","Wallis and Futuna Is.","Îles Wallis et Futuna","Islas Wallis y Futuna","وفوتونا واليس جزر","瓦利斯和富图纳群岛","острова Уоллис и Футуна","Wallis and Futuna Islands","les Îles Wallis et Futuna","Islas Wallis y Futuna","وفوتونا واليس جزر","瓦利斯和富图纳群岛","острова Уоллис и Футуна"
"882","244","SAM","Samoa","WS","WSM","1900","9999","1760","E","Samoa","Samoa","Samoa","دولة ساموا المستقلة","萨摩亚","Независимое Государство Самоа","the Independent State of Samoa","l'État indépendant du Samoa","el Estado Independiente de Samoa","دولة ساموا المستقلة","萨摩亚","Независимое Государство Самоа"
"402","245","","West Bank","","","1900","1998","","E","West Bank","Cisjordanie","Cisjordania","","","","The West Bank","la Cisjordanie","Ribera Occidental","","",""
"886","246","","Yemen Ar Rp","","","1900","1989","","E","Yemen Arab Republic","Yemen, Rep. Arabe","Yemen, Republica Araba","","","","","","","","",""
"720","247","","Yemen Dem","","","1900","1989","","E","Yemen, Democratic","Yemen Democratique","Yemen Democratico","","","","","","","","",""
"890","248","","Yugoslav SFR","YU","YUG","1900","1991","2453","E","Yugoslavia SFR","RFS de Yougoslavie","RFS de Yugoslavia","جمهورية صربيا","塞尔维亚","Сербия","Socialist Federal Republic of Yugoslavia ","République socialiste fédérative de Yougoslavie","RFS de Yugoslavia","جمهورية صربيا","塞尔维亚","Сербия"
"887","249","YEM","Yemen","YE","YEM","1900","9999","2430","E","Yemen","Yémen","Yemen","اليمن","也 门","Йеменская Республика","the Republic of Yemen","la République du Yémen","la República del Yemen","اليمن","也 门","Йеменская Республика"
"180","250","DRC","Congo Dem R","CD","COD","1900","9999","465","F","Congo, Dem. Rep. of the","Rép. dém. du Congo","Rep. Dem. del Congo","جمهورية الكونغو الديمقراطية","刚果民主共和国","Демократическая Республика Конго","the Democratic Republic of the Congo","la République démocratique du Congo","la República Democrática del Congo","جمهورية الكونغو الديمقراطية","刚果民主共和国","Демократическая Республика Конго"
"894","251","ZAM","Zambia","ZM","ZMB","1900","9999","2470","E","Zambia","Zambie","Zambia","جمهورية زامبيا","赞比亚","Замбия","the Republic of Zambia","la République de Zambie","la República de Zambia","جمهورية زامبيا","赞比亚","Замбия"
"896","252","","Other nei","","","1900","9999","2510","E","Other nei","Autres nca","Otros nep","","","","Others","Autres","Otros","","",""
"056","255","BEL","Belgium","BE","BEL","1900","9999","150","E","Belgium","Belgique","Bélgica","بلجيكا","比利时","Бельгия","the Kingdom of Belgium","le Royaume de Belgique","el Reino de Bélgica","بلجيكا","比利时","Бельгия"
"442","256","LUX","Luxembourg","LU","LUX","1900","9999","1180","F","Luxembourg","Luxembourg","Luxemburgo","لكسمبرغ","卢森堡","Великое Герцогство Люксембург","the Grand Duchy of Luxembourg","le Grand-Duché de Luxembourg","el Gran Ducado de Luxemburgo","لكسمبرغ","卢森堡","Великое Герцогство Люксембург"
"660","258","ANL","Anguilla","AI","AIA","1900","9999","65","E","Anguilla","Anguilla","Anguila","من أنغويلا","安圭拉的/安圭拉人","ангильский","Anguilla","Anguilla","Anguila","من أنغويلا","安圭拉的/安圭拉人","ангильский"
"830","259","","Channel Is","","","1900","9999","405","E","Channel Islands","Îles Anglo-Normandes","Islas Anglonormandas","شانيل جزر","海峡群岛","Нормандские острова","Channel Islands","Iles Anglo-Normandes","Islas Normandas","شانيل جزر","海峡群岛","Нормандские острова"
"744","260","","Svalbard Is","SJ","SJM","1900","9999","1930","E","Svalbard and Jan Mayen","Îles Svalbard/Jan Mayen","Islas Svalbard/Jan Mayen","","","","Svalbard and Jan Mayen Islands","Îles Svalbard et Jan Mayen","Islas Svalbard y Jan Mayen","","",""
"833","264"," ","Isle of Man","IM","IMN","1900","9999","995","E","Isle of Man","Île de Man","Isla de Man","مان جزيرة","马恩岛","остров Мэн","Isle of Man","Île de Man","Isla de Man","مان جزيرة","马恩岛","остров Мэн"
"175","270","","Mayotte","YT","MYT","1900","9999","1316","F","Mayotte","Mayotte","Mayotte","مايوت","马约特岛","Майотта","Mayotte","Mayotte","Mayotte","مايوت","马约特岛","Майотта"
"239","271","","SouthGeorgia","GS","SGS","1900","9999","1873","E","SouthGeorgia/Sandwich Is","Géorgie Sud-Îles Sand.S.","Georgia S.-Is.Sandw.Sur","وساندويتش جورجيا جنوب جزر","南乔治亚岛和南桑威奇群岛（英国）","остров Южная Георгия и Южные Сандвичевы острова","South Georgia and the South Sandwich Islands","Îles Géorgie du Sud et Sandwich du Sud","Islas Georgias del Sur y Sandwich del Sur","وساندويتش جورجيا جنوب جزر","南乔治亚岛和南桑威奇群岛（英国）","остров Южная Георгия и Южные Сандвичевы острова"
"688","272","","Serbia","RS","SRB","2006","9999","1804","E","Serbia","Serbie","Serbia","صربيا","塞尔维亚","Сербия","the Republic of Serbia","la République de Serbie","la República de Serbia","صربيا جمهورية","塞尔维亚共和国","Республика Сербия"
"499","273","","Montenegro","ME","MNE","2006","9999","1355","E","Montenegro","Monténégro","Montenegro","الجبل الأسود","黑山","Черногория","Montenegro","le Monténégro","Montenegro","الجبل الأسود","黑山","Черногория"
"835","276","","Zanzibar","","EAZ","1900","9999","2475","E","Zanzibar","Zanzibar","Zanzíbar","","","","Zanzibar","Zanzibar","Zanzibar","","",""
"248","282","","Åland Is","AX","ALA","2003","9999","18","E","Åland Islands","Îles d'Åland","Islas Åland","ألاند جزر","奥兰群岛","Аландские острова","Åland Islands","Îles d'Åland","Islas Åland","ألاند جزر","奥兰群岛","Аландские острова"
"535","283","","Bonaire/Eust","BQ","BES","2010","9999","204","E","Bonaire/S.Eustatius/Saba","Bonaire/S.Eustatius/Saba","Bonaire/S.Eustatius/Saba","وسابا يوستاتيوس وسان بونير","博纳尔、圣俄斯塔休斯和萨巴","Бонайре, Синт-Эстатиус и Саба","Bonaire, Sint Eustatius and Saba","Bonaire, Sint Eustatius et Saba","Bonaire, Sint Eustatius y Saba","وسابا يوستاتيوس وسان بونير","博纳尔、圣俄斯塔休斯和萨巴","Бонайре, Синт-Эстатиус и Саба"
"831","284","","Guernsey","GG","GGY","1900","9999","855","E","Guernsey","Guernesey","Isla de Guernesey","لغويرنسي التابعة بيلويك","格恩西岛(海峡群岛)","Гернси","Bailiwick of Guernsey","Guernesey","Isla de Guernesey","لغويرنسي التابعة بيلويك","格恩西岛(海峡群岛)","Гернси"
"832","285","","Jersey","JE","JEY","1900","9999","1045","E","Jersey","Le Jersey","Jersey","جيرسي","泽西","остров Джерси","Bailiwick of Jersey","Jersey","Jersey","جيرسي","泽西行政区","остров Джерси"
"531","286","","Curaçao","CW","CUW","2010","9999","505","E","Curaçao","Curaçao","Curaçao","كوراساو","库拉索","Кюрасао","Curaçao","Curaçao","Curaçao","كوراساو","库拉索","Кюрасао"
"652","287","","StBarthélemy","BL","BLM","2007","9999","1703","F","Saint Barthélemy","Saint-Barthélemy","San Bartolomé","بارتليمي سان","圣巴泰勒米","Сен-Бартельми","Saint Barthélemy","Saint-Barthélemy","San Bartolomé","بارتليمي سان","圣巴泰勒米","Сен-Бартельми"
"663","288","","Saint-Martin","MF","MAF","2007","9999","1734","F","Saint-Martin","Saint-Martin","Saint-Martin","الفرنسي الجزء - مارتن سان","圣马丁（法属部分）","Сен-Мартен (французская часть)","Saint-Martin (French Part)","Saint-Martin (Partie française)","Saint-Martin (Parte francesa)","الفرنسي الجزء - مارتن سان","圣马丁（法属部分）","Сен-Мартен (французская часть)"
"534","289","","Sint Maarten","SX","SXM","2010","9999","1842","E","Sint Maarten","Sint Maarten","Sint Maarten","مارتن سانت","圣马丁（荷属部分）","Синт-Мартен (голландская часть)","Sint Maarten (Dutch Part)","Sint Maarten (Partie néerlandaise)","Sint Maarten (Parte de los Países Bajos)","مارتن سانت","圣马丁（荷属部分）","Синт-Мартен (голландская часть)"
"728","290","","South Sudan","SS","SSD","2011","9999","1875","E","South Sudan","Soudan du Sud","Sudán del Sur","السودان جنوب","南苏丹","Южный Судан","the Republic of South Sudan","la République du Soudan du Sud","la República de Sudán del Sur","السودان جنوب جمهورية","南苏丹共和国","Республика Южный Судан"
"680","294","","Sark","","","1900","9999","1785","E","Sark","Sercq","Sark","سارك","萨克","Сарк","","","","","",""
"729","298","","Sudan","SD","SDN","2011","9999","1911","E","Sudan","Soudan","Sudán","السودان","苏丹","Судан","the Republic of the Sudan","la République du Soudan","la República del Sudán","السودان جمهورية","苏丹共和国","Республика Судан"
"275","299","PSE","Palestine","PS","PSE","1900","9999","1568","E","Palestine","Palestine","Palestina","فلسطين","巴勒斯坦","Палестина","Palestine","Palestine","Palestina","فلسطين","巴勒斯坦","Палестина"
"0","380","","EU","EU","EUR","1900","9999","","E","European Union","Union Européenne","Unión Europea","","","","The European Union (Member Organization)","Union européenne (Organisation membre)","Unión Europea (Organización Miembro)","","",""
